Config,C_BOL_prop,M_prop_bat,V_prop_bat,C_BOL_remain,M_remain_bat,V_remain_bat,M_total,V_total
CIV-Ffh_i-Sf_i_Folds_per_side1.5Pay_continuous_Trueltan_6,68.23980240500715,0.454932016033381,0.3249514400238436,72.01659079166164,0.4801106052777443,0.3429361466269602,0.9350426213111254,0.6678875866508038
CIV-Ffh_i-Sf_i_Folds_per_side1.5Pay_continuous_Trueltan_9,68.47397659742538,0.4564931773161692,0.3260665552258351,114.1539814622324,0.7610265430815494,0.5435903879153924,1.2175197203977186,0.8696569431412275
CIV-Ffh_i-Sf_i_Folds_per_side1.5Pay_continuous_Trueltan_12,61.435459702314375,0.4095697313487625,0.2925498081062589,141.00409734577795,0.9400273156385196,0.6714480825989426,1.3495970469872822,0.9639978907052016
CIV-Ffh_i-Sf_i_Folds_per_side1.5Pay_continuous_Falseltan_6,76.10327942846958,0.5073551961897972,0.362396568706998,52.97552765436697,0.3531701843624464,0.2522644174017475,0.8605253805522437,0.6146609861087455
CIV-Ffh_i-Sf_i_Folds_per_side1.5Pay_continuous_Falseltan_9,76.33745362088783,0.5089163574725856,0.3635116839089896,83.72443435990378,0.5581628957326918,0.3986877826662084,1.0670792532052773,0.7621994665751981
CIV-Ffh_i-Sf_i_Folds_per_side1.5Pay_continuous_Falseltan_12,71.92009573359765,0.479467304890651,0.342476646350465,154.12686391782,1.0275124261188,0.7339374472277143,1.506979731009451,1.0764140935781792
